{
    "random_forest_subgraph_only": {
        "validation": {
            "accuracy": 0.7537361093370801,
            "precision": 0.13038348082595871,
            "recall": 0.3274074074074074,
            "f1": 0.18649789029535865,
            "pr_auc": 0.14134791335312077,
            "roc_auc": 0.653610722827944,
            "confusion_matrix": [
                [
                    5680,
                    1474
                ],
                [
                    454,
                    221
                ]
            ],
            "classification_report": "              precision    recall  f1-score   support\n\n           0       0.93      0.79      0.85      7154\n           1       0.13      0.33      0.19       675\n\n    accuracy                           0.75      7829\n   macro avg       0.53      0.56      0.52      7829\nweighted avg       0.86      0.75      0.80      7829\n",
            "recall_at_50": 0.03111111111111111,
            "recall_at_100": 0.05185185185185185,
            "recall_at_500": 0.06074074074074074,
            "recall_at_1000": 0.19703703703703704
        },
        "test": {
            "accuracy": 0.8565773102590205,
            "precision": 0.08171206225680934,
            "recall": 0.20588235294117646,
            "f1": 0.116991643454039,
            "pr_auc": 0.06988285525698029,
            "roc_auc": 0.6410376020442565,
            "confusion_matrix": [
                [
                    7489,
                    944
                ],
                [
                    324,
                    84
                ]
            ],
            "classification_report": "              precision    recall  f1-score   support\n\n           0       0.96      0.89      0.92      8433\n           1       0.08      0.21      0.12       408\n\n    accuracy                           0.86      8841\n   macro avg       0.52      0.55      0.52      8841\nweighted avg       0.92      0.86      0.88      8841\n",
            "recall_at_50": 0.004901960784313725,
            "recall_at_100": 0.024509803921568627,
            "recall_at_500": 0.09803921568627451,
            "recall_at_1000": 0.17647058823529413
        }
    },
    "xgboost_subgraph_only": {
        "validation": {
            "accuracy": 0.6911482948013795,
            "precision": 0.17469204927211646,
            "recall": 0.6933333333333334,
            "f1": 0.27906976744186046,
            "pr_auc": 0.20415224700635934,
            "roc_auc": 0.7319740316217812,
            "confusion_matrix": [
                [
                    4943,
                    2211
                ],
                [
                    207,
                    468
                ]
            ],
            "classification_report": "              precision    recall  f1-score   support\n\n           0       0.96      0.69      0.80      7154\n           1       0.17      0.69      0.28       675\n\n    accuracy                           0.69      7829\n   macro avg       0.57      0.69      0.54      7829\nweighted avg       0.89      0.69      0.76      7829\n",
            "recall_at_50": 0.016296296296296295,
            "recall_at_100": 0.0637037037037037,
            "recall_at_500": 0.20444444444444446,
            "recall_at_1000": 0.24592592592592594
        },
        "test": {
            "accuracy": 0.783961090374392,
            "precision": 0.10095642933049948,
            "recall": 0.46568627450980393,
            "f1": 0.16593886462882096,
            "pr_auc": 0.11331758369288913,
            "roc_auc": 0.7300582096944078,
            "confusion_matrix": [
                [
                    6741,
                    1692
                ],
                [
                    218,
                    190
                ]
            ],
            "classification_report": "              precision    recall  f1-score   support\n\n           0       0.97      0.80      0.88      8433\n           1       0.10      0.47      0.17       408\n\n    accuracy                           0.78      8841\n   macro avg       0.53      0.63      0.52      8841\nweighted avg       0.93      0.78      0.84      8841\n",
            "recall_at_50": 0.022058823529411766,
            "recall_at_100": 0.061274509803921566,
            "recall_at_500": 0.16666666666666666,
            "recall_at_1000": 0.2696078431372549
        }
    },
    "random_forest_original_plus_subgraph": {
        "validation": {
            "accuracy": 0.9859496742879039,
            "precision": 0.9964850615114236,
            "recall": 0.84,
            "f1": 0.9115755627009646,
            "pr_auc": 0.9287230723841363,
            "roc_auc": 0.9769741869350481,
            "confusion_matrix": [
                [
                    7152,
                    2
                ],
                [
                    108,
                    567
                ]
            ],
            "classification_report": "              precision    recall  f1-score   support\n\n           0       0.99      1.00      0.99      7154\n           1       1.00      0.84      0.91       675\n\n    accuracy                           0.99      7829\n   macro avg       0.99      0.92      0.95      7829\nweighted avg       0.99      0.99      0.99      7829\n",
            "recall_at_50": 0.07407407407407407,
            "recall_at_100": 0.14814814814814814,
            "recall_at_500": 0.7407407407407407,
            "recall_at_1000": 0.9022222222222223
        },
        "test": {
            "accuracy": 0.9740979527202805,
            "precision": 0.958974358974359,
            "recall": 0.4583333333333333,
            "f1": 0.6202321724709784,
            "pr_auc": 0.5480719796076682,
            "roc_auc": 0.8643729814942697,
            "confusion_matrix": [
                [
                    8425,
                    8
                ],
                [
                    221,
                    187
                ]
            ],
            "classification_report": "              precision    recall  f1-score   support\n\n           0       0.97      1.00      0.99      8433\n           1       0.96      0.46      0.62       408\n\n    accuracy                           0.97      8841\n   macro avg       0.97      0.73      0.80      8841\nweighted avg       0.97      0.97      0.97      8841\n",
            "recall_at_50": 0.12254901960784313,
            "recall_at_100": 0.24509803921568626,
            "recall_at_500": 0.4852941176470588,
            "recall_at_1000": 0.5318627450980392
        }
    },
    "xgboost_original_plus_subgraph": {
        "validation": {
            "accuracy": 0.9775194788606463,
            "precision": 0.8579626972740315,
            "recall": 0.8859259259259259,
            "f1": 0.8717201166180758,
            "pr_auc": 0.9321006474993878,
            "roc_auc": 0.978122987398917,
            "confusion_matrix": [
                [
                    7055,
                    99
                ],
                [
                    77,
                    598
                ]
            ],
            "classification_report": "              precision    recall  f1-score   support\n\n           0       0.99      0.99      0.99      7154\n           1       0.86      0.89      0.87       675\n\n    accuracy                           0.98      7829\n   macro avg       0.92      0.94      0.93      7829\nweighted avg       0.98      0.98      0.98      7829\n",
            "recall_at_50": 0.07407407407407407,
            "recall_at_100": 0.14814814814814814,
            "recall_at_500": 0.7407407407407407,
            "recall_at_1000": 0.9111111111111111
        },
        "test": {
            "accuracy": 0.957018436828413,
            "precision": 0.5380434782608695,
            "recall": 0.4852941176470588,
            "f1": 0.5103092783505154,
            "pr_auc": 0.5502550550137272,