split,label,count,mean,median,std,min,max
train,illicit,3462,0.989832,0.99918795,0.03306793,0.4890735,0.9999553
train,licit,26432,0.0100671165,0.0002086485,0.04949728,5.571973e-07,0.996394
train,unknown,106371,0.13271785,0.014397349,0.25018966,1.0824326e-06,0.9999516
validation,illicit,914,0.8611784,0.99483806,0.30909035,0.00014194728,0.999882
validation,licit,9069,0.029696891,0.00060659985,0.09948611,1.4213467e-06,0.97419715
validation,unknown,27837,0.18109313,0.030961292,0.2826396,8.027505e-07,0.9998357
test,illicit,169,0.06385485,0.012675019,0.15279181,0.00022713322,0.95851284
test,licit,6518,0.040226355,0.0010482362,0.11705791,2.3051052e-06,0.99502146
test,unknown,22997,0.18900982,0.03659571,0.28019488,1.3441418e-06,0.9998305
