total,tp,tn,fp,fn,accuracy,precision,recall,f1,split
29894,3461,26361,71,1,0.9975914899310898,0.9798980747451869,0.9997111496244945,0.9897054618244209,train
9983,792,8945,124,122,0.9753581087849343,0.8646288209606987,0.8665207877461707,0.8655737704918033,validation
6687,4,6382,136,165,0.9549872887692538,0.02857142857142857,0.023668639053254437,0.02588996763754045,test
