total,tp,tn,fp,fn,accuracy,precision,recall,f1,split
29894,3461,26361,71,1,0.9975914899310898,0.9798980747451869,0.9997111496244945,0.9897054618244209,train
7829,598,7065,89,77,0.9787967811981096,0.8704512372634643,0.8859259259259259,0.8781204111600587,validation
8841,198,8262,171,210,0.9569053274516457,0.5365853658536586,0.4852941176470588,0.5096525096525096,test
